{"cameraMode":{"drawMode":0,"name":"Shaded","section":"Shading Mode"},"sceneLighting":false,"audioPlay":false,"sceneViewState":{"showFog":true,"showMaterialUpdate":false,"showSkybox":false,"showFlares":true,"showImageEffects":true,"showParticleSystems":true},"in2DMode":false,"pivot":{"x":17.89424705505371,"y":-0.3599109649658203,"z":4.744171142578125},"rotation":{"x":-0.0005835662595927715,"y":0.9902381300926209,"z":-0.13935476541519166,"w":-0.004157824907451868},"size":10.618891716003418,"orthographic":false}