{"cameraMode":{"drawMode":0,"name":"Shaded","section":"Shading Mode"},"sceneLighting":false,"audioPlay":false,"sceneViewState":{"showFog":true,"showMaterialUpdate":false,"showSkybox":false,"showFlares":true,"showImageEffects":true,"showParticleSystems":true},"in2DMode":false,"pivot":{"x":-4.185131549835205,"y":0.33276325464248659,"z":7.625737190246582},"rotation":{"x":-0.0006396410171873868,"y":0.98826664686203,"z":-0.15270988643169404,"w":-0.0041495682671666149},"size":12.378042221069336,"orthographic":false}