{"cameraMode":{"drawMode":0,"name":"Shaded","section":"Shading Mode"},"sceneLighting":false,"audioPlay":false,"sceneViewState":{"showFog":true,"showMaterialUpdate":false,"showSkybox":false,"showFlares":true,"showImageEffects":true,"showParticleSystems":true},"in2DMode":false,"pivot":{"x":26.035816192626954,"y":-1.8841171264648438,"z":10.857565879821778},"rotation":{"x":-0.0006396410171873868,"y":0.98826664686203,"z":-0.15270988643169404,"w":-0.0041495682671666149},"size":12.378042221069336,"orthographic":false}